{
  "project_info": {
    "project_number": "943142386681",
    "firebase_url": "https://quicktrade-fec0b-default-rtdb.firebaseio.com",
    "project_id": "quicktrade-fec0b",
    "storage_bucket": "quicktrade-fec0b.appspot.com"
  },
  "client": [
    {
      "client_info": {
        "mobilesdk_app_id": "1:943142386681:android:57f6600d7faa10e1409b28",
        "android_client_info": {
          "package_name": "com.adamsfunlab.QuickTrader"
        }
      },
      "oauth_client": [
        {
          "client_id": "943142386681-kfau4a2b5n7aat204ad7maqtedhsgm6u.apps.googleusercontent.com",
          "client_type": 3
        }
      ],
      "api_key": [
        {
          "current_key": "AIzaSyCs164trvpGnPhBN6wDc4fQWCMiqsgo4J4"
        }
      ],
      "services": {
        "appinvite_service": {
          "other_platform_oauth_client": [
            {
              "client_id": "943142386681-kfau4a2b5n7aat204ad7maqtedhsgm6u.apps.googleusercontent.com",
              "client_type": 3
            }
          ]
        }
      }
    }
  ],
  "configuration_version": "1"
}